Label,F_1,F_3,F_4,F_5,F_7,F_9,F_11,F_13,F_15,F_17,F_19,F_20,F_21,F_23,F_24,F_25,F_26,F_27,F_29,F_30,F_31,F_33,F_35,F_36,F_37,F_38,F_39,F_40,F_41,F_42,F_43,F_44,F_45,F_46,F_47,F_48,F_49,F_50
non-malicious,1,1,0,1,1,1,1,1,1,0,1,0,1,0,1,0,1,0,1,0,1,1,0,1,0,1,0,0,1,0,1,0,1,0,1,0,0,1
non-malicious,1,1,0,1,1,1,1,0,0,0,0,0,0,0,0,0,1,0,0,1,0,1,0,0,1,0,1,0,0,1,0,1,0,0,0,0,0,1
non-malicious,1,1,0,1,1,1,1,0,1,0,1,0,0,0,0,0,1,0,0,1,0,1,0,0,1,0,1,0,0,1,0,1,0,1,0,1,0,1
non-malicious,1,1,0,1,1,1,1,0,1,0,1,0,0,0,0,0,1,0,0,1,0,1,0,0,1,0,1,0,0,1,0,1,0,0,1,0,0,1
non-malicious,1,1,0,1,1,1,1,0,1,0,1,0,1,0,1,0,1,0,1,0,1,0,0,0,1,0,1,0,0,1,0,1,0,1,0,0,0,1
non-malicious,1,1,0,1,1,1,1,0,1,0,1,0,0,0,0,0,0,0,0,1,0,0,0,0,1,0,1,0,0,1,0,1,0,0,0,0,1,0
non-malicious,1,1,0,1,1,1,1,1,1,0,1,0,1,1,0,1,0,1,1,0,1,1,0,1,0,1,0,0,1,0,1,0,1,0,1,0,1,0
non-malicious,1,1,0,1,1,1,1,0,0,0,1,0,0,0,0,0,1,0,0,1,0,1,0,0,1,0,1,0,0,1,0,1,0,0,0,0,0,1
non-malicious,1,1,0,1,1,1,1,1,1,0,1,0,1,1,0,1,0,1,1,0,1,1,1,0,1,0,1,0,1,0,1,0,1,0,1,0,1,0
non-malicious,1,1,0,1,1,1,1,0,1,0,1,0,0,0,0,0,1,0,1,0,0,1,0,0,1,0,1,0,0,1,0,1,0,0,1,0,0,1
non-malicious,1,1,0,1,1,1,1,1,1,0,1,0,1,1,0,1,0,1,1,0,1,1,1,0,1,0,1,0,1,0,1,0,1,0,1,0,1,0
non-malicious,1,1,0,1,1,1,1,1,1,0,1,0,1,1,0,1,0,1,1,0,1,1,0,1,0,1,0,0,1,0,1,0,1,0,1,0,1,0
non-malicious,1,1,0,1,1,1,1,1,1,0,1,0,1,1,0,1,0,1,1,0,1,1,0,1,0,1,0,0,1,0,1,0,1,0,1,0,1,0
non-malicious,1,0,1,0,0,0,0,0,0,0,0,0,0,0,0,0,0,0,0,1,0,0,0,0,0,0,0,0,0,0,0,0,0,0,0,0,0,0
non-malicious,1,1,0,1,1,1,1,1,1,0,1,0,1,1,0,1,0,1,1,0,1,1,0,1,0,1,0,1,0,1,0,1,0,1,0,1,0,1
non-malicious,1,1,0,1,1,1,1,0,1,0,1,0,0,0,0,0,1,0,1,0,0,1,0,0,1,0,1,0,0,1,0,1,0,0,1,0,0,1
non-malicious,1,1,0,1,1,1,1,1,1,1,1,0,1,1,0,1,0,1,1,0,1,1,1,0,1,0,1,0,1,0,1,0,1,0,1,0,1,0
non-malicious,1,1,0,1,1,1,1,0,0,0,0,0,0,0,0,0,0,0,0,1,0,1,0,0,1,0,1,0,0,1,0,1,0,0,0,0,0,1
non-malicious,1,1,0,1,1,1,0,0,0,0,1,0,0,0,0,0,0,0,0,1,0,1,0,0,1,0,1,0,0,0,0,1,0,0,0,0,0,1
non-malicious,1,1,0,1,1,1,1,0,1,0,1,0,1,0,1,0,1,0,1,0,1,1,0,1,0,1,0,0,0,1,0,1,0,0,1,0,1,0
non-malicious,1,1,0,1,1,1,1,0,0,0,1,0,0,0,0,0,1,0,0,1,0,1,0,0,1,0,1,0,0,1,0,1,0,0,0,0,0,1
non-malicious,1,1,0,1,1,1,1,0,1,0,1,0,1,0,1,0,1,0,1,0,1,1,0,1,0,1,0,0,0,1,0,1,0,0,1,0,1,0
non-malicious,1,1,0,1,1,1,1,1,1,0,1,0,1,1,0,1,0,1,1,0,1,1,1,0,1,0,1,0,1,0,1,0,1,0,1,0,1,0
non-malicious,1,1,0,1,1,1,1,0,0,0,1,0,0,0,0,0,1,0,0,1,0,1,0,0,1,0,1,0,0,1,0,1,0,0,0,0,0,1
non-malicious,1,1,0,1,1,1,1,0,1,0,1,0,0,0,0,0,1,0,0,1,0,1,0,0,1,0,1,0,0,1,0,1,0,0,1,0,0,1
non-malicious,1,1,0,1,1,1,1,1,1,0,1,0,1,0,1,0,1,0,1,0,1,1,0,0,1,0,1,0,0,1,0,1,0,1,0,1,0,1
non-malicious,1,1,0,1,1,1,1,0,1,0,1,0,1,0,1,0,1,0,1,0,1,1,0,1,0,1,0,0,0,1,0,1,0,0,1,0,1,0
non-malicious,1,1,0,1,1,1,1,0,0,0,1,0,0,0,0,0,1,0,0,1,0,1,0,0,1,0,1,0,0,1,0,1,0,0,0,0,0,1
non-malicious,1,1,0,1,1,1,1,0,1,0,1,0,1,0,1,0,1,0,1,0,1,1,0,1,0,1,0,0,0,1,0,1,0,0,1,0,1,0
non-malicious,1,1,0,1,1,1,1,0,0,0,0,0,0,0,0,0,1,0,0,1,0,1,0,0,1,0,1,0,0,1,0,1,0,0,0,0,0,1
non-malicious,1,1,0,1,1,1,1,0,1,0,1,0,1,0,1,0,1,0,1,0,1,1,0,1,0,1,0,0,0,1,0,1,0,0,1,0,1,0
non-malicious,1,1,0,1,1,1,1,0,0,0,1,0,0,0,0,0,1,0,0,1,0,1,0,0,1,0,1,0,0,1,0,1,0,0,0,0,0,1
non-malicious,1,1,0,1,1,1,1,0,0,0,1,0,1,0,1,0,1,0,1,0,1,1,0,1,0,1,0,0,0,1,0,1,0,0,1,0,1,0
non-malicious,1,1,0,1,1,1,1,1,1,0,1,0,1,1,0,1,0,1,1,0,1,1,0,1,0,1,0,1,0,1,0,1,0,1,0,1,0,1
non-malicious,1,1,0,1,1,1,1,0,0,0,1,0,0,0,0,0,1,0,0,1,0,1,0,0,1,0,1,0,0,1,0,1,0,0,0,0,0,1
non-malicious,1,1,0,1,1,1,1,0,1,0,1,0,0,0,0,0,1,0,0,1,0,1,0,0,1,0,1,0,0,1,0,1,0,0,1,0,0,1
non-malicious,1,1,0,1,1,1,1,1,1,0,1,0,1,1,0,1,0,1,1,0,1,1,0,1,0,1,0,0,1,0,1,0,1,0,1,0,1,0
non-malicious,1,1,0,1,1,1,0,0,0,0,0,0,0,0,0,0,1,0,0,1,0,1,0,0,1,0,1,0,0,1,0,1,0,0,1,0,1,0
non-malicious,1,1,0,1,1,1,1,0,0,0,0,0,0,0,0,0,1,0,0,1,0,1,0,0,1,0,1,0,0,0,0,1,0,0,1,0,1,0
non-malicious,1,1,0,1,1,1,1,1,1,0,1,0,1,0,1,0,0,0,1,0,1,1,0,0,1,0,1,0,0,1,0,1,0,1,0,0,1,0
non-malicious,1,1,0,1,1,1,1,0,1,0,1,0,0,0,0,0,1,0,0,1,0,1,0,0,1,0,1,0,0,1,0,1,0,0,0,0,0,1
non-malicious,1,1,0,1,1,1,1,0,1,0,1,0,1,1,0,1,0,1,1,0,1,1,0,1,0,1,0,0,1,0,1,0,1,0,1,0,1,0
non-malicious,1,1,0,1,1,1,1,0,1,0,1,0,0,0,0,0,1,0,0,1,0,1,0,0,1,0,1,0,0,1,0,1,0,0,0,0,0,1
non-malicious,1,1,0,1,1,1,1,1,1,0,1,0,1,1,0,1,0,1,1,0,1,1,0,1,0,1,0,0,1,0,1,0,1,0,1,0,1,0
non-malicious,1,1,0,1,1,1,1,1,1,0,1,0,1,1,0,1,0,1,1,0,1,1,0,1,0,1,0,0,1,0,1,0,1,0,1,0,1,0
non-malicious,1,1,0,1,1,1,1,0,0,0,1,0,0,0,0,0,1,0,0,1,0,1,0,0,1,0,1,0,0,1,0,1,0,0,0,0,0,1
non-malicious,1,1,0,1,1,1,1,1,1,0,1,0,1,1,0,1,0,1,1,0,1,1,0,1,0,1,0,0,1,0,1,0,1,0,1,0,0,1
non-malicious,1,1,0,1,1,1,1,0,0,0,1,0,0,0,0,0,1,0,0,1,0,1,0,0,1,0,1,0,0,1,0,1,0,0,0,0,0,1
non-malicious,1,1,0,1,1,1,1,1,1,0,1,0,1,1,0,1,0,1,1,0,1,0,0,1,0,1,0,0,1,0,1,0,1,0,1,0,0,1
non-malicious,1,1,0,1,1,1,1,0,0,0,1,0,0,0,0,0,1,0,0,1,0,1,0,0,1,0,1,0,0,1,0,1,0,0,0,0,0,1
non-malicious,1,1,0,1,1,1,1,1,1,0,1,0,1,1,0,1,0,1,1,0,1,1,0,1,0,1,0,0,1,0,1,0,1,0,1,0,0,1
non-malicious,1,1,0,1,1,1,1,0,0,0,1,0,0,0,0,0,1,0,0,1,0,1,0,0,1,0,1,0,0,1,0,1,0,0,0,0,0,1
non-malicious,1,1,0,1,1,1,1,1,1,0,1,0,1,1,0,1,0,1,1,0,1,1,0,1,0,1,0,0,1,0,1,0,1,0,1,0,0,1
non-malicious,1,1,0,1,1,1,1,0,0,0,1,0,0,0,0,0,1,0,0,1,0,1,0,0,1,0,1,0,0,1,0,1,0,0,0,0,0,1
non-malicious,1,1,0,1,1,1,1,1,1,0,1,0,1,1,0,1,0,1,1,0,1,1,0,1,0,1,0,0,1,0,1,0,1,0,1,0,0,1
non-malicious,1,1,0,1,1,1,1,1,1,0,1,0,1,1,0,1,0,1,1,0,1,1,0,1,0,1,0,0,1,0,1,0,1,0,1,0,1,0
non-malicious,1,1,0,1,1,1,1,0,0,0,1,0,0,0,0,0,1,0,0,1,0,1,0,0,1,0,1,0,0,1,0,1,0,0,0,0,0,1
non-malicious,1,1,0,1,1,1,1,1,1,0,1,0,1,1,0,1,0,1,1,0,1,1,0,1,0,1,0,0,1,0,1,0,1,0,1,0,0,1
non-malicious,1,1,0,1,1,1,1,0,1,0,1,0,0,0,0,0,1,0,0,1,0,1,0,0,1,0,1,0,0,1,0,1,0,0,0,0,0,1
non-malicious,1,1,0,1,1,1,1,1,1,0,1,0,1,1,0,1,0,1,1,0,1,1,0,1,0,1,0,0,1,0,1,0,1,0,1,0,0,1
non-malicious,1,1,0,1,1,1,1,0,0,0,1,0,0,0,0,0,1,0,1,0,0,1,0,0,1,0,1,0,0,1,0,1,0,0,0,0,0,1
non-malicious,1,1,0,1,1,1,1,1,1,0,1,0,1,1,0,1,0,1,1,0,1,1,0,1,0,1,0,0,1,0,1,0,1,0,1,0,0,1
non-malicious,1,1,0,1,1,1,1,0,0,0,1,0,0,0,0,0,1,0,0,1,0,1,0,0,1,0,1,0,0,1,0,1,0,0,0,0,0,1
non-malicious,1,1,0,1,1,1,1,0,1,0,1,0,0,0,0,0,1,0,0,1,0,1,0,0,1,0,1,0,0,1,0,1,0,0,0,0,0,1
non-malicious,1,1,0,1,1,1,1,1,1,0,1,0,1,1,0,1,0,1,1,0,1,1,0,1,0,1,0,0,1,0,1,0,1,0,1,0,0,1
non-malicious,1,1,0,1,1,1,1,0,0,0,1,0,0,0,0,0,1,0,0,1,0,1,0,0,1,0,1,0,0,1,0,1,0,0,0,0,0,1
non-malicious,1,1,0,1,1,1,1,0,1,0,1,0,0,0,0,0,1,0,0,1,0,1,0,0,1,0,1,0,0,1,0,1,0,1,0,1,0,1
non-malicious,1,1,0,1,1,1,1,1,1,0,1,0,1,1,0,1,0,1,1,0,1,1,0,1,0,1,0,0,1,0,1,0,1,0,1,0,0,1
non-malicious,1,1,0,1,1,1,1,0,1,0,1,0,0,0,0,0,1,0,0,1,0,1,0,0,1,0,1,0,0,1,0,1,0,0,0,0,0,1
non-malicious,1,1,0,1,1,1,1,1,1,1,1,0,1,1,0,1,0,1,1,0,1,1,1,0,1,0,1,0,1,0,1,0,1,0,1,0,1,0
non-malicious,1,1,0,1,1,1,1,0,1,0,1,0,0,0,0,0,1,0,1,0,0,1,0,0,1,0,1,0,0,1,0,1,0,0,1,0,0,1
non-malicious,1,1,0,1,1,1,1,0,1,0,1,0,1,0,1,0,1,0,1,0,1,1,0,1,0,1,0,0,0,1,0,1,0,0,1,0,1,0
malicious,1,1,0,1,1,1,1,0,0,0,0,1,0,0,0,0,1,0,0,1,0,1,0,0,1,0,1,0,0,1,0,1,0,0,0,0,1,0
malicious,1,1,0,1,1,1,1,0,1,0,0,1,0,0,0,0,1,0,0,1,0,0,0,0,1,0,1,0,0,1,0,1,0,0,0,0,1,0
malicious,1,1,0,1,1,1,1,0,1,0,0,1,0,0,0,0,1,0,0,1,0,0,0,0,1,0,1,0,0,1,0,1,0,0,0,0,1,0
malicious,1,1,0,1,1,1,1,0,1,0,0,1,0,0,0,0,1,0,0,1,0,1,0,0,1,0,1,0,0,1,0,1,0,0,0,0,1,0
malicious,1,1,0,1,1,1,1,0,1,0,0,1,0,0,0,0,1,0,0,1,0,0,0,0,1,0,1,0,0,1,0,1,0,0,0,0,1,0
malicious,1,1,0,1,1,1,1,0,0,0,0,1,0,0,0,0,1,0,0,1,0,0,0,0,1,0,1,0,0,1,0,1,0,0,0,0,1,0
malicious,1,1,0,1,1,1,1,0,1,0,0,1,0,0,0,0,1,0,0,1,0,0,0,0,1,0,1,0,0,1,0,1,0,0,0,0,1,0
malicious,1,1,0,1,1,1,1,0,0,0,0,1,0,0,0,0,1,0,0,1,0,1,0,0,1,0,1,0,0,1,0,1,0,0,0,0,1,0
malicious,1,1,0,1,1,1,1,0,0,0,0,1,0,0,0,0,1,0,0,1,0,0,0,0,1,0,1,0,0,1,0,1,0,0,0,0,1,0
malicious,1,1,0,1,1,1,1,0,0,0,0,1,0,0,0,0,1,0,0,1,0,1,0,0,1,0,1,0,0,1,0,1,0,0,0,0,1,0
malicious,1,1,0,1,1,1,1,0,1,0,0,1,0,0,0,0,1,0,0,1,0,1,0,0,1,0,1,0,0,1,0,1,0,0,0,0,1,0
malicious,1,1,0,1,1,1,1,0,1,0,0,1,0,0,0,0,1,0,0,1,0,1,0,0,1,0,1,0,0,1,0,1,0,0,0,0,1,0
malicious,1,1,0,1,1,1,1,0,0,0,0,1,0,0,0,0,1,0,0,1,0,1,0,0,1,0,1,0,0,1,0,1,0,0,0,0,1,0
malicious,1,1,0,1,1,1,1,0,0,0,0,1,0,0,0,0,1,0,0,1,0,1,0,0,1,0,1,0,0,1,0,1,0,0,0,0,1,0
malicious,1,1,0,1,1,1,1,0,1,0,0,1,0,0,0,0,1,0,0,1,0,1,0,0,1,0,1,0,0,1,0,1,0,0,0,0,1,0
malicious,1,1,0,1,1,1,1,0,1,0,0,1,0,0,0,0,1,0,0,1,0,0,0,0,1,0,1,0,0,1,0,1,0,0,0,0,1,0
malicious,1,1,0,1,1,1,1,0,0,0,0,1,0,0,0,0,1,0,0,1,0,0,0,0,1,0,1,0,0,1,0,1,0,0,0,0,1,0
malicious,1,1,0,1,1,1,1,0,0,0,0,1,0,0,0,0,1,0,0,1,0,1,0,0,1,0,1,0,0,1,0,1,0,0,0,0,1,0
malicious,1,1,0,1,1,1,1,0,0,0,0,1,0,0,0,0,1,0,0,1,0,1,0,0,1,0,1,0,0,1,0,1,0,0,0,0,1,0
malicious,1,1,0,1,1,1,1,0,1,0,0,1,0,0,0,0,1,0,0,1,0,0,0,0,1,0,1,0,0,1,0,1,0,0,0,0,1,0
malicious,1,1,0,1,1,1,1,0,1,0,0,1,0,0,0,0,1,0,0,1,0,1,0,0,1,0,1,0,0,1,0,1,0,0,0,0,1,0
malicious,1,1,0,1,1,1,1,0,1,0,0,1,0,0,0,0,1,0,0,1,0,0,0,0,1,0,1,0,0,1,0,1,0,0,0,0,1,0
malicious,1,1,0,1,1,1,1,0,0,0,0,1,0,0,0,0,1,0,0,1,0,0,0,0,1,0,1,0,0,1,0,1,0,0,0,0,1,0
malicious,1,1,0,1,1,1,1,0,0,0,0,1,0,0,0,0,1,0,0,1,0,1,0,0,1,0,1,0,0,1,0,1,0,0,0,0,1,0
malicious,1,1,0,1,1,1,1,0,0,0,0,1,0,0,0,0,1,0,0,1,0,1,0,0,1,0,1,0,0,1,0,1,0,0,0,0,1,0
malicious,1,1,0,1,1,1,1,0,0,0,0,1,0,0,0,0,1,0,0,1,0,0,0,0,1,0,1,0,0,1,0,1,0,0,0,0,1,0
malicious,1,1,0,1,1,1,1,0,1,0,0,1,0,0,0,0,1,0,0,1,0,0,0,0,1,0,1,0,0,1,0,1,0,0,0,0,1,0
malicious,1,1,0,1,1,1,1,0,1,0,0,1,0,0,0,0,1,0,0,1,0,0,0,0,1,0,1,0,0,1,0,1,0,0,0,0,1,0
malicious,1,1,0,1,1,1,1,0,1,0,0,1,0,0,0,0,1,0,0,1,0,0,0,0,1,0,1,0,0,1,0,1,0,0,0,0,1,0
malicious,0,0,0,0,0,0,0,0,0,0,0,0,0,0,0,0,0,0,0,0,0,0,0,0,0,0,0,0,0,0,0,0,0,0,0,0,0,0
malicious,1,1,0,1,1,1,1,0,1,0,0,1,0,0,0,0,1,0,0,1,0,1,0,0,1,0,1,0,0,1,0,1,0,0,0,0,1,0
malicious,1,1,0,1,1,1,1,0,1,0,0,1,0,0,0,0,1,0,0,1,0,0,0,0,1,0,1,0,0,1,0,1,0,0,0,0,1,0
malicious,1,1,0,1,1,1,1,0,1,0,0,1,0,0,0,0,1,0,0,1,0,1,0,0,1,0,1,0,0,1,0,1,0,0,0,0,1,0
malicious,1,1,0,1,1,1,1,0,1,0,0,1,0,0,0,0,1,0,0,1,0,0,0,0,1,0,1,0,0,1,0,1,0,0,0,0,1,0
malicious,1,1,0,1,1,1,1,0,1,0,0,1,0,0,0,0,1,0,0,1,0,1,0,0,1,0,1,0,0,1,0,1,0,0,0,0,1,0
malicious,1,1,0,1,1,1,1,0,1,0,0,1,0,0,0,0,1,0,0,1,0,0,0,0,1,0,1,0,0,1,0,1,0,0,0,0,1,0
malicious,1,1,0,1,1,1,1,0,1,0,0,1,0,0,0,0,1,0,0,1,0,1,0,0,1,0,1,0,0,1,0,1,0,0,0,0,1,0
malicious,1,1,0,1,1,1,1,0,0,0,0,1,0,0,0,0,1,0,0,1,0,1,0,0,1,0,1,0,0,1,0,1,0,0,0,0,1,0
malicious,1,1,0,1,1,1,1,0,1,0,0,1,0,0,0,0,1,0,0,1,0,1,0,0,1,0,1,0,0,1,0,1,0,0,0,0,1,0
malicious,1,1,0,1,1,1,1,0,0,0,0,1,0,0,0,0,1,0,0,1,0,0,0,0,1,0,1,0,0,1,0,1,0,0,0,0,1,0
malicious,1,1,0,1,1,1,1,0,1,0,0,1,0,0,0,0,1,0,0,1,0,0,0,0,1,0,1,0,0,1,0,1,0,0,0,0,1,0
malicious,1,1,0,1,1,1,1,0,1,0,0,1,0,0,0,0,1,0,0,1,0,1,0,0,1,0,1,0,0,1,0,1,0,0,0,0,1,0
malicious,1,1,0,1,1,1,1,0,1,0,0,1,0,0,0,0,1,0,0,1,0,0,0,0,1,0,1,0,0,1,0,1,0,0,0,0,1,0
malicious,1,1,0,1,1,1,1,0,0,0,0,1,0,0,0,0,1,0,0,1,0,1,0,0,1,0,1,0,0,1,0,1,0,0,0,0,1,0
malicious,1,1,0,1,1,1,1,0,0,0,0,1,0,0,0,0,1,0,0,1,0,0,0,0,1,0,1,0,0,1,0,1,0,0,0,0,1,0
malicious,1,1,0,1,1,1,1,0,1,0,0,1,0,0,0,0,1,0,0,1,0,0,0,0,1,0,1,0,0,1,0,1,0,0,0,0,1,0
malicious,1,1,0,1,1,1,1,0,0,0,0,1,0,0,0,0,1,0,0,1,0,1,0,0,1,0,1,0,0,1,0,1,0,0,0,0,1,0
malicious,1,1,0,1,1,1,1,0,1,0,0,1,0,0,0,0,1,0,0,1,0,1,0,0,1,0,1,0,0,1,0,1,0,0,0,0,1,0
malicious,1,1,0,1,1,1,1,0,1,0,0,1,0,0,0,0,1,0,0,1,0,0,0,0,1,0,1,0,0,1,0,1,0,0,0,0,1,0
malicious,1,1,0,1,1,1,1,0,0,0,0,0,0,0,0,0,1,0,0,1,0,0,0,0,1,0,1,0,0,1,0,1,0,0,0,0,1,0
malicious,1,1,0,1,1,1,1,0,0,0,0,1,0,0,0,0,1,0,0,1,0,1,0,0,1,0,1,0,0,1,0,1,0,0,0,0,1,0
malicious,1,1,0,1,1,1,1,0,0,0,0,1,0,0,0,0,1,0,0,1,0,0,0,0,1,0,1,0,0,1,0,1,0,0,0,0,1,0
malicious,1,1,0,1,1,1,1,0,0,0,0,1,0,0,0,0,1,0,0,1,0,0,0,0,1,0,1,0,0,1,0,1,0,0,0,0,1,0
malicious,1,1,0,1,1,1,1,0,1,0,0,1,0,0,0,0,1,0,0,1,0,0,0,0,1,0,1,0,0,1,0,1,0,0,0,0,1,0
malicious,1,1,0,1,1,1,1,0,1,0,0,1,0,0,0,0,1,0,0,1,0,1,0,0,1,0,1,0,0,1,0,1,0,0,0,0,1,0
malicious,1,1,0,1,1,1,1,0,0,0,0,1,0,0,0,0,1,0,0,1,0,0,0,0,1,0,1,0,0,1,0,1,0,0,0,0,1,0
malicious,1,1,0,1,1,1,1,0,0,0,0,1,0,0,0,0,1,0,0,1,0,1,0,0,1,0,1,0,0,1,0,1,0,0,0,0,1,0
malicious,1,1,0,1,1,1,1,0,1,0,0,1,0,0,0,0,1,0,0,1,0,1,0,0,1,0,1,0,0,1,0,1,0,0,0,0,1,0
malicious,1,1,0,1,1,1,1,0,1,0,0,1,0,0,0,0,1,0,0,1,0,1,0,0,1,0,1,0,0,1,0,1,0,0,0,0,1,0
malicious,1,1,0,1,1,1,1,0,1,0,0,1,0,0,0,0,1,0,0,1,0,1,0,0,1,0,1,0,0,1,0,1,0,0,0,0,1,0
malicious,1,1,0,1,1,1,1,0,1,0,0,1,0,0,0,0,1,0,0,1,0,1,0,0,1,0,1,0,0,1,0,1,0,0,0,0,1,0
malicious,1,1,0,1,1,1,1,0,0,0,0,1,0,0,0,0,1,0,0,1,0,0,0,0,1,0,1,0,0,1,0,1,0,0,0,0,1,0
malicious,1,1,0,1,1,1,1,0,1,0,0,1,0,0,0,0,1,0,0,1,0,1,0,0,1,0,1,0,0,1,0,1,0,0,0,0,1,0
malicious,1,1,0,1,1,1,1,0,0,0,0,1,0,0,0,0,1,0,0,1,0,0,0,0,1,0,1,0,0,1,0,1,0,0,0,0,1,0
malicious,1,1,0,1,1,1,1,0,1,0,0,1,0,0,0,0,1,0,0,1,0,1,0,0,1,0,1,0,0,1,0,1,0,0,0,0,1,0
malicious,1,1,0,1,1,1,1,0,0,0,0,1,0,0,0,0,1,0,0,1,0,1,0,0,1,0,1,0,0,1,0,1,0,0,0,0,1,0
malicious,1,1,0,1,1,1,1,0,1,0,0,1,0,0,0,0,1,0,0,1,0,1,0,0,1,0,1,0,0,1,0,1,0,0,0,0,1,0
malicious,1,1,0,1,1,1,1,0,1,0,0,1,0,0,0,0,1,0,0,1,0,0,0,0,1,0,1,0,0,1,0,1,0,0,0,0,1,0
malicious,1,1,0,1,1,1,1,0,1,0,0,1,0,0,0,0,1,0,0,1,0,1,0,0,1,0,1,0,0,1,0,1,0,0,0,0,1,0
malicious,1,1,0,1,1,1,1,0,1,0,0,1,0,0,0,0,1,0,0,1,0,0,0,0,1,0,1,0,0,1,0,1,0,0,0,0,1,0
malicious,1,1,0,1,1,1,1,0,1,0,0,1,0,0,0,0,1,0,0,1,0,1,0,0,1,0,1,0,0,1,0,1,0,0,0,0,1,0
malicious,1,1,0,1,1,1,1,0,1,0,0,1,0,0,0,0,1,0,0,1,0,1,0,0,1,0,1,0,0,1,0,1,0,0,0,0,1,0
malicious,1,1,0,1,1,1,1,0,1,0,0,1,0,0,0,0,1,0,0,1,0,1,0,0,1,0,1,0,0,1,0,1,0,0,0,0,1,0
malicious,1,1,0,1,1,1,1,0,0,0,0,1,0,0,0,0,1,0,0,1,0,0,0,0,1,0,1,0,0,1,0,1,0,0,0,0,1,0
malicious,1,1,0,1,1,1,1,0,1,0,0,1,0,0,0,0,1,0,0,1,0,1,0,0,1,0,1,0,0,1,0,1,0,0,0,0,1,0
malicious,1,1,0,1,1,1,1,0,1,0,0,1,0,0,0,0,1,0,0,1,0,0,0,0,1,0,1,0,0,1,0,1,0,0,0,0,1,0
malicious,1,1,0,1,1,1,1,0,1,0,0,1,0,0,0,0,1,0,0,1,0,1,0,0,1,0,1,0,0,1,0,1,0,0,0,0,1,0
malicious,1,1,0,1,1,1,1,0,1,0,0,1,0,0,0,0,1,0,0,1,0,0,0,0,1,0,1,0,0,1,0,1,0,0,0,0,1,0
malicious,1,1,0,1,1,1,1,0,1,0,0,1,0,0,0,0,1,0,0,1,0,1,0,0,1,0,1,0,0,1,0,1,0,0,0,0,1,0
malicious,1,1,0,1,1,1,1,0,0,0,0,1,0,0,0,0,1,0,0,1,0,1,0,0,1,0,1,0,0,1,0,1,0,0,0,0,1,0
malicious,1,1,0,1,1,1,1,0,0,0,0,1,0,0,0,0,1,0,0,1,0,0,0,0,1,0,1,0,0,1,0,1,0,0,0,0,1,0
malicious,1,1,0,1,1,1,1,0,1,0,0,1,0,0,0,0,1,0,0,1,0,1,0,0,1,0,1,0,0,1,0,1,0,0,0,0,1,0
malicious,1,1,0,1,1,1,1,0,1,0,0,1,0,0,0,0,1,0,0,1,0,0,0,0,1,0,1,0,0,1,0,1,0,0,0,0,1,0
malicious,1,1,0,1,1,1,1,0,0,0,0,1,0,0,0,0,1,0,0,1,0,0,0,0,1,0,1,0,0,1,0,1,0,0,0,0,1,0
malicious,1,1,0,1,1,1,1,0,1,0,0,1,0,0,0,0,1,0,0,1,0,0,0,0,1,0,1,0,0,1,0,1,0,0,0,0,1,0
malicious,1,1,0,1,1,1,1,0,1,0,0,1,0,0,0,0,1,0,0,1,0,0,0,0,1,0,1,0,0,1,0,1,0,0,0,0,1,0
malicious,1,1,0,1,1,1,1,0,1,0,0,1,0,0,0,0,1,0,0,1,0,1,0,0,1,0,1,0,0,1,0,1,0,0,0,0,1,0
malicious,1,1,0,1,1,1,1,0,1,0,0,1,0,0,0,0,1,0,0,1,0,1,0,0,1,0,1,0,0,1,0,1,0,0,0,0,1,0
malicious,1,1,0,1,1,1,1,0,1,0,0,1,0,0,0,0,1,0,0,1,0,1,0,0,1,0,1,0,0,1,0,1,0,0,0,0,1,0
malicious,1,1,0,1,1,1,1,0,0,0,0,1,0,0,0,0,1,0,0,1,0,0,0,0,1,0,1,0,0,1,0,1,0,0,0,0,1,0
malicious,1,1,0,1,1,1,1,0,1,0,0,1,0,0,0,0,1,0,0,1,0,1,0,0,1,0,1,0,0,1,0,1,0,0,0,0,1,0
malicious,1,1,0,1,1,1,1,0,1,0,0,1,0,0,0,0,1,0,0,1,0,1,0,0,1,0,1,0,0,1,0,1,0,0,0,0,1,0
malicious,1,1,0,1,1,1,1,0,1,0,0,1,0,0,0,0,1,0,0,1,0,1,0,0,1,0,1,0,0,1,0,1,0,0,0,0,1,0
malicious,1,1,0,1,1,1,1,0,0,0,0,1,0,0,0,0,1,0,0,1,0,1,0,0,1,0,1,0,0,1,0,1,0,0,0,0,1,0
malicious,1,1,0,1,1,1,1,0,1,0,0,1,0,0,0,0,1,0,0,1,0,1,0,0,1,0,1,0,0,1,0,1,0,0,0,0,1,0
malicious,1,1,0,1,1,1,1,0,1,0,0,1,0,0,0,0,1,0,0,1,0,1,0,0,1,0,1,0,0,1,0,1,0,0,0,0,1,0
malicious,1,1,0,1,1,1,1,0,1,0,0,1,0,0,0,0,1,0,0,1,0,1,0,0,1,0,1,0,0,1,0,1,0,0,0,0,1,0
malicious,1,1,0,1,1,1,1,0,1,0,0,1,0,0,0,0,1,0,0,1,0,1,0,0,1,0,1,0,0,1,0,1,0,0,0,0,1,0
malicious,1,1,0,1,1,1,1,0,1,0,0,1,0,0,0,0,1,0,0,1,0,1,0,0,1,0,1,0,0,1,0,1,0,0,0,0,1,0
malicious,1,1,0,1,1,1,1,0,1,0,0,1,0,0,0,0,1,0,0,1,0,1,0,0,1,0,1,0,0,1,0,1,0,0,0,0,1,0
malicious,1,1,0,1,1,1,1,0,0,0,0,1,0,0,0,0,1,0,0,1,0,1,0,0,1,0,1,0,0,1,0,1,0,0,0,0,1,0
malicious,1,1,0,1,1,1,1,0,1,0,0,1,0,0,0,0,1,0,0,1,0,1,0,0,1,0,1,0,0,1,0,1,0,0,0,0,1,0
malicious,1,1,0,1,1,1,1,0,0,0,0,1,0,0,0,0,1,0,0,1,0,1,0,0,1,0,1,0,0,1,0,1,0,0,0,0,1,0
malicious,1,1,0,1,1,1,1,0,1,0,0,1,0,0,0,0,1,0,0,1,0,1,0,0,1,0,1,0,0,1,0,1,0,0,0,0,1,0
malicious,1,1,0,1,1,1,1,0,0,0,0,1,0,0,0,0,1,0,0,1,0,0,0,0,1,0,1,0,0,1,0,1,0,0,0,0,1,0
malicious,1,1,0,1,1,1,1,0,1,0,0,1,0,0,0,0,1,0,0,1,0,1,0,0,1,0,1,0,0,1,0,1,0,0,0,0,1,0
malicious,1,1,0,1,1,1,1,0,1,0,0,1,0,0,0,0,1,0,0,1,0,0,0,0,1,0,1,0,0,1,0,1,0,0,0,0,1,0
malicious,1,1,0,1,1,1,1,0,1,0,0,1,0,0,0,0,1,0,0,1,0,1,0,0,1,0,1,0,0,1,0,1,0,0,0,0,1,0
malicious,1,1,0,1,1,1,1,0,0,0,0,1,0,0,0,0,1,0,0,1,0,0,0,0,1,0,1,0,0,1,0,1,0,0,0,0,1,0
malicious,1,1,0,1,1,1,1,0,1,0,0,1,0,0,0,0,1,0,0,1,0,1,0,0,1,0,1,0,0,1,0,1,0,0,0,0,1,0
malicious,1,1,0,1,1,1,1,0,0,0,0,1,0,0,0,0,1,0,0,1,0,1,0,0,1,0,1,0,0,1,0,1,0,0,0,0,1,0
malicious,1,1,0,1,1,1,1,0,1,0,0,1,0,0,0,0,1,0,0,1,0,0,0,0,1,0,1,0,0,1,0,1,0,0,0,0,1,0
malicious,1,1,0,1,1,1,1,0,1,0,0,1,0,0,0,0,1,0,0,1,0,1,0,0,1,0,1,0,0,1,0,1,0,0,0,0,1,0
malicious,1,1,0,1,1,1,1,0,0,0,0,1,0,0,0,0,1,0,0,1,0,1,0,0,1,0,1,0,0,1,0,1,0,0,0,0,1,0
malicious,1,1,0,1,1,1,1,0,0,0,0,1,0,0,0,0,1,0,0,1,0,1,0,0,1,0,1,0,0,1,0,1,0,0,0,0,1,0
malicious,1,1,0,1,1,1,1,0,1,0,0,1,0,0,0,0,1,0,0,1,0,1,0,0,1,0,1,0,0,1,0,1,0,0,0,0,1,0
malicious,1,1,0,1,1,1,1,0,1,0,0,1,0,0,0,0,1,0,0,1,0,0,0,0,1,0,1,0,0,1,0,1,0,0,0,0,1,0
malicious,1,1,0,1,1,1,1,0,1,0,0,1,0,0,0,0,1,0,0,1,0,1,0,0,1,0,1,0,0,1,0,1,0,0,0,0,1,0
malicious,1,1,0,1,1,1,1,0,1,0,0,1,0,0,0,0,1,0,0,1,0,0,0,0,1,0,1,0,0,1,0,1,0,0,0,0,1,0
malicious,1,1,0,1,1,1,1,0,1,0,0,1,0,0,0,0,1,0,0,1,0,1,0,0,1,0,1,0,0,1,0,1,0,0,0,0,1,0
malicious,1,1,0,1,1,1,1,0,1,0,0,1,0,0,0,0,1,0,0,1,0,0,0,0,1,0,1,0,0,1,0,1,0,0,0,0,1,0
malicious,1,1,0,1,1,1,1,0,0,0,0,0,0,0,0,0,1,0,0,1,0,1,0,0,1,0,1,0,0,1,0,1,0,0,0,0,1,0
malicious,1,1,0,1,1,1,1,0,1,0,0,1,0,0,0,0,1,0,0,1,0,1,0,0,1,0,1,0,0,1,0,1,0,0,0,0,1,0
malicious,1,1,0,1,1,1,1,0,0,0,0,1,0,0,0,0,1,0,0,1,0,1,0,0,1,0,1,0,0,1,0,1,0,0,0,0,1,0
malicious,1,1,0,1,1,1,1,0,1,0,0,1,0,0,0,0,1,0,0,1,0,1,0,0,1,0,1,0,0,1,0,1,0,0,0,0,1,0
malicious,1,1,0,1,1,1,1,0,1,0,0,1,0,0,0,0,1,0,0,1,0,1,0,0,1,0,1,0,0,1,0,1,0,0,0,0,1,0
malicious,1,1,0,1,1,1,1,0,1,0,0,1,0,0,0,0,1,0,0,1,0,1,0,0,1,0,1,0,0,1,0,1,0,0,0,0,1,0
malicious,1,1,0,1,1,1,1,0,1,0,0,1,0,0,0,0,1,0,0,1,0,0,0,0,1,0,1,0,0,1,0,1,0,0,0,0,1,0
malicious,1,1,0,1,1,1,1,0,0,0,0,1,0,0,0,0,1,0,0,1,0,1,0,0,1,0,1,0,0,1,0,1,0,0,0,0,1,0
malicious,1,1,0,1,1,1,1,0,0,0,0,1,0,0,0,0,1,0,0,1,0,1,0,0,1,0,1,0,0,1,0,1,0,0,0,0,1,0
malicious,1,1,0,1,1,1,1,0,1,0,0,1,0,0,0,0,1,0,0,1,0,1,0,0,1,0,1,0,0,1,0,1,0,0,0,0,1,0
malicious,1,1,0,1,1,1,1,0,0,0,0,1,0,0,0,0,1,0,0,1,0,1,0,0,1,0,1,0,0,1,0,1,0,0,0,0,1,0
malicious,1,1,0,1,1,1,1,0,0,0,0,1,0,0,0,0,1,0,0,1,0,1,0,0,1,0,1,0,0,1,0,1,0,0,0,0,1,0
malicious,1,1,0,1,1,1,1,0,0,0,0,1,0,0,0,0,1,0,0,1,0,0,0,0,1,0,1,0,0,1,0,1,0,0,0,0,1,0
malicious,1,1,0,1,1,1,1,0,1,0,0,1,0,0,0,0,1,0,0,1,0,0,0,0,1,0,1,0,0,1,0,1,0,0,0,0,1,0
malicious,1,1,0,1,1,1,1,0,0,0,0,1,0,0,0,0,1,0,0,1,0,0,0,0,1,0,1,0,0,1,0,1,0,0,0,0,1,0
malicious,1,1,0,1,1,1,1,0,0,0,0,1,0,0,0,0,1,0,0,1,0,0,0,0,1,0,1,0,0,1,0,1,0,0,0,0,1,0
malicious,1,1,0,1,1,1,1,0,0,0,0,1,0,0,0,0,1,0,0,1,0,0,0,0,1,0,1,0,0,1,0,1,0,0,0,0,1,0
malicious,1,1,0,1,1,1,1,0,0,0,0,1,0,0,0,0,1,0,0,1,0,0,0,0,1,0,1,0,0,1,0,1,0,0,0,0,1,0
malicious,1,1,0,1,1,1,1,0,1,0,0,1,0,0,0,0,1,0,0,1,0,1,0,0,1,0,1,0,0,1,0,1,0,0,0,0,1,0
malicious,1,1,0,1,1,1,1,0,1,0,0,1,0,0,0,0,1,0,0,1,0,1,0,0,1,0,1,0,0,1,0,1,0,0,0,0,1,0
malicious,1,1,0,1,1,1,1,0,0,0,0,1,0,0,0,0,1,0,0,1,0,1,0,0,1,0,1,0,0,1,0,1,0,0,0,0,1,0
malicious,1,1,0,1,1,1,1,0,0,0,0,1,0,0,0,0,1,0,0,1,0,1,0,0,1,0,1,0,0,1,0,1,0,0,0,0,1,0
malicious,1,1,0,1,1,1,1,0,1,0,0,0,0,0,0,0,1,0,0,1,0,1,0,0,1,0,1,0,0,1,0,1,0,0,0,0,1,0
malicious,1,1,0,1,1,1,1,0,0,0,0,1,0,0,0,0,1,0,0,1,0,1,0,0,1,0,1,0,0,1,0,1,0,0,0,0,1,0
malicious,1,1,0,1,1,1,1,0,1,0,0,1,0,0,0,0,1,0,0,1,0,0,0,0,1,0,1,0,0,1,0,1,0,0,0,0,1,0
malicious,1,1,0,1,1,1,1,0,1,0,0,1,0,0,0,0,1,0,0,1,0,1,0,0,1,0,1,0,0,1,0,1,0,0,0,0,1,0
malicious,1,1,0,1,1,1,1,0,1,0,0,1,0,0,0,0,1,0,0,1,0,0,0,0,1,0,1,0,0,1,0,1,0,0,0,0,1,0
malicious,1,1,0,1,1,1,1,0,1,0,0,1,0,0,0,0,1,0,0,1,0,1,0,0,1,0,1,0,0,1,0,1,0,0,0,0,1,0
malicious,1,1,0,1,1,1,1,0,0,0,0,1,0,0,0,0,1,0,0,1,0,0,0,0,1,0,1,0,0,1,0,1,0,0,0,0,1,0
malicious,1,1,0,1,1,1,1,0,1,0,0,1,0,0,0,0,1,0,0,1,0,1,0,0,1,0,1,0,0,1,0,1,0,0,0,0,1,0
malicious,1,1,0,1,1,1,1,0,1,0,0,1,0,0,0,0,1,0,0,1,0,0,0,0,1,0,1,0,0,1,0,1,0,0,0,0,1,0
malicious,1,1,0,1,1,1,1,0,1,0,0,1,0,0,0,0,1,0,0,1,0,1,0,0,1,0,1,0,0,1,0,1,0,0,0,0,1,0
malicious,1,1,0,1,1,1,1,0,0,0,0,1,0,0,0,0,1,0,0,1,0,1,0,0,1,0,1,0,0,1,0,1,0,0,0,0,1,0
malicious,1,1,0,1,1,1,1,0,1,0,0,0,0,0,0,0,1,0,0,1,0,1,0,0,1,0,1,0,0,1,0,1,0,0,0,0,1,0
malicious,1,1,0,1,1,1,1,0,0,0,0,1,0,0,0,0,1,0,0,1,0,0,0,0,1,0,1,0,0,1,0,1,0,0,0,0,1,0
malicious,1,1,0,1,1,1,1,0,0,0,0,1,0,0,0,0,1,0,0,1,0,0,0,0,1,0,1,0,0,1,0,1,0,0,0,0,1,0
malicious,1,1,0,1,1,1,1,0,1,0,0,1,0,0,0,0,1,0,0,1,0,1,0,0,1,0,1,0,0,1,0,1,0,0,0,0,1,0
malicious,1,1,0,1,1,1,1,0,1,0,0,1,0,0,0,0,1,0,0,1,0,0,0,0,1,0,1,0,0,1,0,1,0,0,0,0,1,0
malicious,1,1,0,1,1,1,1,0,0,0,0,1,0,0,0,0,1,0,0,1,0,0,0,0,1,0,1,0,0,1,0,1,0,0,0,0,1,0
malicious,1,1,0,1,1,1,1,0,1,0,0,1,0,0,0,0,1,0,0,1,0,1,0,0,1,0,1,0,0,1,0,1,0,0,0,0,1,0
malicious,1,1,0,1,1,1,1,0,1,0,0,1,0,0,0,0,1,0,0,1,0,0,0,0,1,0,1,0,0,1,0,1,0,0,0,0,1,0
malicious,1,1,0,1,1,1,1,0,1,0,0,1,0,0,0,0,1,0,0,1,0,1,0,0,1,0,1,0,0,1,0,1,0,0,0,0,1,0
malicious,1,1,0,1,1,1,1,0,1,0,0,1,0,0,0,0,1,0,0,1,0,1,0,0,1,0,1,0,0,1,0,1,0,0,0,0,1,0
malicious,1,1,0,1,1,1,1,0,1,0,0,1,0,0,0,0,1,0,0,1,0,0,0,0,1,0,1,0,0,1,0,1,0,0,0,0,1,0
malicious,1,1,0,1,1,1,1,0,0,0,0,1,0,0,0,0,1,0,0,1,0,1,0,0,1,0,1,0,0,1,0,1,0,0,0,0,1,0
malicious,1,1,0,1,1,1,1,0,0,0,0,1,0,0,0,0,1,0,0,1,0,1,0,0,1,0,1,0,0,1,0,1,0,0,0,0,1,0
malicious,1,1,0,1,1,1,1,0,1,0,0,1,0,0,0,0,1,0,0,1,0,1,0,0,1,0,1,0,0,1,0,1,0,0,0,0,1,0
malicious,1,1,0,1,1,1,1,0,1,0,0,1,0,0,0,0,1,0,0,1,0,0,0,0,1,0,1,0,0,1,0,1,0,0,0,0,1,0
malicious,1,1,0,1,1,1,1,0,1,0,0,1,0,0,0,0,1,0,0,1,0,1,0,0,1,0,1,0,0,1,0,1,0,0,0,0,1,0
malicious,1,1,0,1,1,1,1,0,0,0,0,1,0,0,0,0,1,0,0,1,0,1,0,0,1,0,1,0,0,1,0,1,0,0,0,0,1,0
malicious,1,1,0,1,1,1,1,0,1,0,0,1,0,0,0,0,1,0,0,1,0,1,0,0,1,0,1,0,0,1,0,1,0,0,0,0,1,0
malicious,1,1,0,1,1,1,1,0,0,0,0,1,0,0,0,0,1,0,0,1,0,1,0,0,1,0,1,0,0,1,0,1,0,0,0,0,1,0
malicious,1,1,0,1,1,1,1,0,0,0,0,1,0,0,0,0,1,0,0,1,0,1,0,0,1,0,1,0,0,1,0,1,0,0,0,0,1,0
malicious,1,1,0,1,1,1,1,0,0,0,0,1,0,0,0,0,1,0,0,1,0,0,0,0,1,0,1,0,0,1,0,1,0,0,0,0,1,0
malicious,1,1,0,1,1,1,1,0,1,0,0,1,0,0,0,0,1,0,0,1,0,1,0,0,1,0,1,0,0,1,0,1,0,0,0,0,1,0
malicious,1,1,0,1,1,1,1,0,1,0,0,1,0,0,0,0,1,0,0,1,0,1,0,0,1,0,1,0,0,1,0,1,0,0,0,0,1,0
malicious,1,1,0,1,1,1,1,0,0,0,0,1,0,0,0,0,1,0,0,1,0,1,0,0,1,0,1,0,0,1,0,1,0,0,0,0,1,0
malicious,1,1,0,1,1,1,1,0,0,0,0,1,0,0,0,0,1,0,0,1,0,1,0,0,1,0,1,0,0,1,0,1,0,0,0,0,1,0
malicious,1,1,0,1,1,1,1,0,1,0,0,1,0,0,0,0,1,0,0,1,0,1,0,0,1,0,1,0,0,1,0,1,0,0,0,0,1,0
malicious,1,1,0,1,1,1,1,0,1,0,0,1,0,0,0,0,1,0,0,1,0,0,0,0,1,0,1,0,0,1,0,1,0,0,0,0,1,0
malicious,1,1,0,1,1,1,1,0,1,0,0,1,0,0,0,0,1,0,0,1,0,0,0,0,1,0,1,0,0,1,0,1,0,0,0,0,1,0
malicious,1,1,0,1,1,1,1,0,0,0,0,1,0,0,0,0,1,0,0,1,0,0,0,0,1,0,1,0,0,1,0,1,0,0,0,0,1,0
malicious,1,1,0,1,1,1,1,0,1,0,0,1,0,0,0,0,1,0,0,1,0,0,0,0,1,0,1,0,0,1,0,1,0,0,0,0,1,0
malicious,1,1,0,1,1,1,1,0,1,0,0,1,0,0,0,0,1,0,0,1,0,1,0,0,1,0,1,0,0,1,0,1,0,0,0,0,1,0
malicious,1,1,0,1,1,1,1,0,1,0,0,1,0,0,0,0,1,0,0,1,0,1,0,0,1,0,1,0,0,1,0,1,0,0,0,0,1,0
malicious,1,1,0,1,1,1,1,0,1,0,0,1,0,0,0,0,1,0,0,1,0,0,0,0,1,0,1,0,0,1,0,1,0,0,0,0,1,0
malicious,1,1,0,1,1,1,1,0,1,0,0,1,0,0,0,0,1,0,0,1,0,0,0,0,1,0,1,0,0,1,0,1,0,0,0,0,1,0
malicious,1,1,0,1,1,1,1,0,1,0,0,1,0,0,0,0,1,0,0,1,0,1,0,0,1,0,1,0,0,1,0,1,0,0,0,0,1,0
malicious,1,1,0,1,1,1,1,0,1,0,0,1,0,0,0,0,1,0,0,1,0,0,0,0,1,0,1,0,0,1,0,1,0,0,0,0,1,0
malicious,1,1,0,1,1,1,1,0,1,0,0,1,0,0,0,0,1,0,0,1,0,1,0,0,1,0,1,0,0,1,0,1,0,0,0,0,1,0
malicious,1,1,0,1,1,1,1,0,0,0,0,1,0,0,0,0,1,0,0,1,0,0,0,0,1,0,1,0,0,1,0,1,0,0,0,0,1,0
malicious,1,1,0,1,1,1,1,0,1,0,0,1,0,0,0,0,1,0,0,1,0,0,0,0,1,0,1,0,0,1,0,1,0,0,0,0,1,0
malicious,1,1,0,1,1,1,1,0,0,0,0,1,0,0,0,0,1,0,0,1,0,1,0,0,1,0,1,0,0,1,0,1,0,0,0,0,1,0
malicious,1,1,0,1,1,1,1,0,1,0,0,1,0,0,0,0,1,0,0,1,0,0,0,0,1,0,1,0,0,1,0,1,0,0,0,0,1,0
malicious,1,1,0,1,1,1,1,0,1,0,0,1,0,0,0,0,1,0,0,1,0,0,0,0,1,0,1,0,0,1,0,1,0,0,0,0,1,0
malicious,1,1,0,1,1,1,1,0,0,0,0,1,0,0,0,0,1,0,0,1,0,1,0,0,1,0,1,0,0,1,0,1,0,0,0,0,1,0
malicious,1,1,0,1,1,1,1,0,1,0,0,1,0,0,0,0,1,0,0,1,0,1,0,0,1,0,1,0,0,1,0,1,0,0,0,0,1,0
malicious,1,1,0,1,1,1,1,0,0,0,0,1,0,0,0,0,1,0,0,1,0,1,0,0,1,0,1,0,0,1,0,1,0,0,0,0,1,0
malicious,1,1,0,1,1,1,1,0,1,0,0,1,0,0,0,0,1,0,0,1,0,1,0,0,1,0,1,0,0,1,0,1,0,0,0,0,1,0
malicious,1,1,0,1,1,1,1,0,1,0,0,1,0,0,0,0,1,0,0,1,0,1,0,0,1,0,1,0,0,1,0,1,0,0,0,0,1,0
malicious,1,1,0,1,1,1,1,0,0,0,0,1,0,0,0,0,1,0,0,1,0,1,0,0,1,0,1,0,0,1,0,1,0,0,0,0,1,0
malicious,1,1,0,1,1,1,1,0,0,0,0,1,0,0,0,0,1,0,0,1,0,1,0,0,1,0,1,0,0,1,0,1,0,0,0,0,1,0
malicious,1,1,0,1,1,1,1,0,1,0,0,1,0,0,0,0,1,0,0,1,0,1,0,0,1,0,1,0,0,1,0,1,0,0,0,0,1,0
malicious,1,1,0,1,1,1,1,0,1,0,0,1,0,0,0,0,1,0,0,1,0,1,0,0,1,0,1,0,0,1,0,1,0,0,0,0,1,0
malicious,1,1,0,1,1,1,1,0,1,0,0,1,0,0,0,0,1,0,0,1,0,0,0,0,1,0,1,0,0,1,0,1,0,0,0,0,1,0
malicious,1,1,0,1,1,1,1,0,1,0,0,1,0,0,0,0,1,0,0,1,0,0,0,0,1,0,1,0,0,1,0,1,0,0,0,0,1,0
malicious,1,1,0,1,1,1,1,0,0,0,0,0,0,0,0,0,1,0,0,1,0,0,0,0,1,0,1,0,0,1,0,1,0,0,0,0,1,0
malicious,1,1,0,1,1,1,1,0,1,0,0,1,0,0,0,0,1,0,0,1,0,1,0,0,1,0,1,0,0,1,0,1,0,0,0,0,1,0
malicious,1,1,0,1,1,1,1,0,1,0,0,1,0,0,0,0,1,0,0,1,0,1,0,0,1,0,1,0,0,1,0,1,0,0,0,0,1,0
malicious,1,1,0,1,1,1,1,0,1,0,0,1,0,0,0,0,1,0,0,1,0,0,0,0,1,0,1,0,0,1,0,1,0,0,0,0,1,0
malicious,1,1,0,1,1,1,1,0,0,0,0,1,0,0,0,0,1,0,0,1,0,1,0,0,1,0,1,0,0,1,0,1,0,0,0,0,1,0
malicious,1,1,0,1,1,1,1,0,1,0,0,1,0,0,0,0,1,0,0,1,0,0,0,0,1,0,1,0,0,1,0,1,0,0,0,0,1,0
malicious,1,1,0,1,1,1,1,0,1,0,0,1,0,0,0,0,1,0,0,1,0,0,0,0,1,0,1,0,0,1,0,1,0,0,0,0,1,0
malicious,1,1,0,1,1,1,1,0,1,0,0,1,0,0,0,0,1,0,0,1,0,0,0,0,1,0,1,0,0,1,0,1,0,0,0,0,1,0
malicious,1,1,0,1,1,1,1,0,1,0,0,1,0,0,0,0,1,0,0,1,0,1,0,0,1,0,1,0,0,1,0,1,0,0,0,0,1,0
malicious,1,1,0,1,1,1,1,0,0,0,0,1,0,0,0,0,1,0,0,1,0,0,0,0,1,0,1,0,0,1,0,1,0,0,0,0,1,0
malicious,1,1,0,1,1,1,1,0,1,0,0,1,0,0,0,0,1,0,0,1,0,1,0,0,1,0,1,0,0,1,0,1,0,0,0,0,1,0
malicious,1,1,0,1,1,1,1,0,0,0,0,1,0,0,0,0,1,0,0,1,0,1,0,0,1,0,1,0,0,1,0,1,0,0,0,0,1,0
malicious,1,1,0,1,1,1,1,0,0,0,0,1,0,0,0,0,1,0,0,1,0,1,0,0,1,0,1,0,0,1,0,1,0,0,0,0,1,0
malicious,1,1,0,1,1,1,1,0,0,0,0,1,0,0,0,0,1,0,0,1,0,0,0,0,1,0,1,0,0,1,0,1,0,0,0,0,1,0
malicious,1,1,0,1,1,1,1,0,1,0,0,1,0,0,0,0,1,0,0,1,0,0,0,0,1,0,1,0,0,1,0,1,0,0,0,0,1,0
malicious,1,1,0,1,1,1,1,0,0,0,0,1,0,0,0,0,1,0,0,1,0,1,0,0,1,0,1,0,0,1,0,1,0,0,0,0,1,0
malicious,1,1,0,1,1,1,1,0,0,0,0,1,0,0,0,0,1,0,0,1,0,0,0,0,1,0,1,0,0,1,0,1,0,0,0,0,1,0
malicious,1,1,0,1,1,1,1,0,0,0,0,1,0,0,0,0,1,0,0,1,0,1,0,0,1,0,1,0,0,1,0,1,0,0,0,0,1,0
malicious,1,1,0,1,1,1,1,0,1,0,0,1,0,0,0,0,1,0,0,1,0,1,0,0,1,0,1,0,0,1,0,1,0,0,0,0,1,0
malicious,1,1,0,1,1,1,1,0,1,0,0,1,0,0,0,0,1,0,0,1,0,0,0,0,1,0,1,0,0,1,0,1,0,0,0,0,1,0
malicious,1,1,0,1,1,1,1,0,1,0,0,1,0,0,0,0,1,0,0,1,0,0,0,0,1,0,1,0,0,1,0,1,0,0,0,0,1,0
malicious,1,1,0,1,1,1,1,0,1,0,0,1,0,0,0,0,1,0,0,1,0,1,0,0,1,0,1,0,0,1,0,1,0,0,0,0,1,0
malicious,1,1,0,1,1,1,1,0,1,0,0,1,0,0,0,0,1,0,0,1,0,1,0,0,1,0,1,0,0,1,0,1,0,0,0,0,1,0
malicious,1,1,0,1,1,1,1,0,0,0,0,1,0,0,0,0,1,0,0,1,0,0,0,0,1,0,1,0,0,1,0,1,0,0,0,0,1,0
malicious,1,1,0,1,1,1,1,0,1,0,0,1,0,0,0,0,1,0,0,1,0,1,0,0,1,0,1,0,0,1,0,1,0,0,0,0,1,0
malicious,1,1,0,1,1,1,1,0,1,0,0,1,0,0,0,0,1,0,0,1,0,1,0,0,1,0,1,0,0,1,0,1,0,0,0,0,1,0
malicious,1,1,0,1,1,1,1,0,0,0,0,1,0,0,0,0,1,0,0,1,0,1,0,0,1,0,1,0,0,1,0,1,0,0,0,0,1,0
malicious,1,1,0,1,1,1,1,0,1,0,0,1,0,0,0,0,1,0,0,1,0,0,0,0,1,0,1,0,0,1,0,1,0,0,0,0,1,0
malicious,1,1,0,1,1,1,1,0,1,0,0,1,0,0,0,0,1,0,0,1,0,0,0,0,1,0,1,0,0,1,0,1,0,0,0,0,1,0
malicious,1,1,0,1,1,1,1,0,1,0,0,1,0,0,0,0,1,0,0,1,0,0,0,0,1,0,1,0,0,1,0,1,0,0,0,0,1,0
malicious,1,1,0,1,1,1,1,0,1,0,0,1,0,0,0,0,1,0,0,1,0,1,0,0,1,0,1,0,0,1,0,1,0,0,0,0,1,0
malicious,1,1,0,1,1,1,1,0,1,0,0,1,0,0,0,0,1,0,0,1,0,1,0,0,1,0,1,0,0,1,0,1,0,0,0,0,1,0
malicious,1,1,0,1,1,1,1,0,1,0,0,1,0,0,0,0,1,0,0,1,0,0,0,0,1,0,1,0,0,1,0,1,0,0,0,0,1,0
malicious,1,1,0,1,1,1,1,0,1,0,0,1,0,0,0,0,1,0,0,1,0,1,0,0,1,0,1,0,0,1,0,1,0,0,0,0,1,0
malicious,1,1,0,1,1,1,1,0,1,0,0,1,0,0,0,0,1,0,0,1,0,0,0,0,1,0,1,0,0,1,0,1,0,0,0,0,1,0
malicious,1,1,0,1,1,1,1,0,0,0,0,1,0,0,0,0,1,0,0,1,0,1,0,0,1,0,1,0,0,1,0,1,0,0,0,0,1,0
malicious,1,1,0,1,1,1,1,0,1,0,0,1,0,0,0,0,1,0,0,1,0,0,0,0,1,0,1,0,0,1,0,1,0,0,0,0,1,0
malicious,1,1,0,1,1,1,1,0,1,0,0,1,0,0,0,0,1,0,0,1,0,0,0,0,1,0,1,0,0,1,0,1,0,0,0,0,1,0
malicious,1,1,0,1,1,1,1,0,1,0,0,1,0,0,0,0,1,0,0,1,0,0,0,0,1,0,1,0,0,1,0,1,0,0,0,0,1,0
malicious,1,1,0,1,1,1,1,0,1,0,0,1,0,0,0,0,1,0,0,1,0,1,0,0,1,0,1,0,0,1,0,1,0,0,0,0,1,0
malicious,1,1,0,1,1,1,1,0,1,0,0,1,0,0,0,0,1,0,0,1,0,1,0,0,1,0,1,0,0,1,0,1,0,0,0,0,1,0
malicious,1,1,0,1,1,1,1,0,1,0,0,1,0,0,0,0,1,0,0,1,0,1,0,0,1,0,1,0,0,1,0,1,0,0,0,0,1,0
malicious,1,1,0,1,1,1,1,0,1,0,0,1,0,0,0,0,1,0,0,1,0,0,0,0,1,0,1,0,0,1,0,1,0,0,0,0,1,0
malicious,1,1,0,1,1,1,1,0,0,0,0,1,0,0,0,0,1,0,0,1,0,1,0,0,1,0,1,0,0,1,0,1,0,0,0,0,1,0
malicious,1,1,0,1,1,1,1,0,1,0,0,1,0,0,0,0,1,0,0,1,0,1,0,0,1,0,1,0,0,1,0,1,0,0,0,0,1,0
malicious,1,1,0,1,1,1,1,0,0,0,0,1,0,0,0,0,1,0,0,1,0,0,0,0,1,0,1,0,0,1,0,1,0,0,0,0,1,0
malicious,1,1,0,1,1,1,1,0,1,0,0,1,0,0,0,0,1,0,0,1,0,0,0,0,1,0,1,0,0,1,0,1,0,0,0,0,1,0
malicious,1,1,0,1,1,1,1,0,0,0,0,1,0,0,0,0,1,0,0,1,0,0,0,0,1,0,1,0,0,1,0,1,0,0,0,0,1,0
malicious,1,1,0,1,1,1,1,0,0,0,0,1,0,0,0,0,1,0,0,1,0,1,0,0,1,0,1,0,0,1,0,1,0,0,0,0,1,0
malicious,1,1,0,1,1,1,1,0,0,0,0,1,0,0,0,0,1,0,0,1,0,0,0,0,1,0,1,0,0,1,0,1,0,0,0,0,1,0
malicious,1,1,0,1,1,1,1,0,1,0,0,1,0,0,0,0,1,0,0,1,0,1,0,0,1,0,1,0,0,1,0,1,0,0,0,0,1,0
malicious,1,1,0,1,1,1,1,0,1,0,0,1,0,0,0,0,1,0,0,1,0,0,0,0,1,0,1,0,0,1,0,1,0,0,0,0,1,0
malicious,1,1,0,1,1,1,1,0,1,0,0,1,0,0,0,0,1,0,0,1,0,0,0,0,1,0,1,0,0,1,0,1,0,0,0,0,1,0
malicious,1,1,0,1,1,1,1,0,1,0,0,1,0,0,0,0,1,0,0,1,0,1,0,0,1,0,1,0,0,1,0,1,0,0,0,0,1,0
malicious,1,1,0,1,1,1,1,0,0,0,0,1,0,0,0,0,1,0,0,1,0,1,0,0,1,0,1,0,0,1,0,1,0,0,0,0,1,0
malicious,1,1,0,1,1,1,1,0,1,0,0,1,0,0,0,0,1,0,0,1,0,1,0,0,1,0,1,0,0,1,0,1,0,0,0,0,1,0
malicious,1,1,0,1,1,1,1,0,0,0,0,1,0,0,0,0,1,0,0,1,0,0,0,0,1,0,1,0,0,1,0,1,0,0,0,0,1,0
malicious,1,1,0,1,1,1,1,0,1,0,0,1,0,0,0,0,1,0,0,1,0,0,0,0,1,0,1,0,0,1,0,1,0,0,0,0,1,0
malicious,1,1,0,1,1,1,1,0,1,0,0,1,0,0,0,0,1,0,0,1,0,1,0,0,1,0,1,0,0,1,0,1,0,0,0,0,1,0
malicious,1,1,0,1,1,1,1,0,1,0,0,1,0,0,0,0,1,0,0,1,0,0,0,0,1,0,1,0,0,1,0,1,0,0,0,0,1,0
malicious,1,1,0,1,1,1,1,0,1,0,0,1,0,0,0,0,1,0,0,1,0,0,0,0,1,0,1,0,0,1,0,1,0,0,0,0,1,0
malicious,1,1,0,1,1,1,1,0,0,0,0,1,0,0,0,0,1,0,0,1,0,1,0,0,1,0,1,0,0,1,0,1,0,0,0,0,1,0
malicious,1,1,0,1,1,1,1,0,0,0,0,1,0,0,0,0,1,0,0,1,0,0,0,0,1,0,1,0,0,1,0,1,0,0,0,0,1,0
malicious,1,1,0,1,1,1,1,0,1,0,0,1,0,0,0,0,1,0,0,1,0,1,0,0,1,0,1,0,0,1,0,1,0,0,0,0,1,0
malicious,1,1,0,1,1,1,1,0,1,0,0,1,0,0,0,0,1,0,0,1,0,1,0,0,1,0,1,0,0,1,0,1,0,0,0,0,1,0
malicious,1,1,0,1,1,1,1,0,0,0,0,1,0,0,0,0,1,0,0,1,0,0,0,0,1,0,1,0,0,1,0,1,0,0,0,0,1,0
malicious,1,1,0,1,1,1,1,0,1,0,0,1,0,0,0,0,1,0,0,1,0,0,0,0,1,0,1,0,0,1,0,1,0,0,0,0,1,0
malicious,1,1,0,1,1,1,1,0,1,0,0,1,0,0,0,0,1,0,0,1,0,0,0,0,1,0,1,0,0,1,0,1,0,0,0,0,1,0
malicious,1,1,0,1,1,1,1,0,1,0,0,0,0,0,0,0,1,0,0,1,0,0,0,0,1,0,1,0,0,1,0,1,0,0,0,0,1,0
malicious,1,1,0,1,1,1,1,0,0,0,0,1,0,0,0,0,1,0,0,1,0,0,0,0,1,0,1,0,0,1,0,1,0,0,0,0,1,0
malicious,1,1,0,1,1,1,1,0,0,0,0,1,0,0,0,0,1,0,0,1,0,0,0,0,1,0,1,0,0,1,0,1,0,0,0,0,1,0
malicious,1,1,0,1,1,1,1,0,0,0,0,0,0,0,0,0,1,0,0,1,0,1,0,0,1,0,1,0,0,1,0,1,0,0,0,0,1,0
malicious,1,1,0,1,1,1,1,0,1,0,0,1,0,0,0,0,1,0,0,1,0,0,0,0,1,0,1,0,0,1,0,1,0,0,0,0,1,0
malicious,1,1,0,1,1,1,1,0,0,0,0,1,0,0,0,0,1,0,0,1,0,0,0,0,1,0,1,0,0,1,0,1,0,0,0,0,1,0
malicious,1,1,0,1,1,1,1,0,1,0,0,1,0,0,0,0,1,0,0,1,0,0,0,0,1,0,1,0,0,1,0,1,0,0,0,0,1,0
malicious,1,1,0,1,1,1,1,0,1,0,0,1,0,0,0,0,1,0,0,1,0,0,0,0,1,0,1,0,0,1,0,1,0,0,0,0,1,0
malicious,1,1,0,1,1,1,1,0,1,0,0,1,0,0,0,0,1,0,0,1,0,1,0,0,1,0,1,0,0,1,0,1,0,0,0,0,1,0
malicious,1,1,0,1,1,1,1,0,1,0,0,1,0,0,0,0,1,0,0,1,0,0,0,0,1,0,1,0,0,1,0,1,0,0,0,0,1,0
malicious,1,1,0,1,1,1,1,0,1,0,0,1,0,0,0,0,1,0,0,1,0,0,0,0,1,0,1,0,0,1,0,1,0,0,0,0,1,0
malicious,1,1,0,1,1,1,1,0,0,0,0,1,0,0,0,0,1,0,0,1,0,1,0,0,1,0,1,0,0,1,0,1,0,0,0,0,1,0
malicious,1,1,0,1,1,1,1,0,0,0,0,1,0,0,0,0,1,0,0,1,0,0,0,0,1,0,1,0,0,1,0,1,0,0,0,0,1,0
malicious,1,1,0,1,1,1,1,0,1,0,0,1,0,0,0,0,1,0,0,1,0,1,0,0,1,0,1,0,0,1,0,1,0,0,0,0,1,0
malicious,1,1,0,1,1,1,1,0,0,0,0,1,0,0,0,0,1,0,0,1,0,1,0,0,1,0,1,0,0,1,0,1,0,0,0,0,1,0
malicious,1,1,0,1,1,1,1,0,0,0,0,1,0,0,0,0,1,0,0,1,0,1,0,0,1,0,1,0,0,1,0,1,0,0,0,0,1,0
malicious,1,1,0,1,1,1,1,0,0,0,0,1,0,0,0,0,1,0,0,1,0,0,0,0,1,0,1,0,0,1,0,1,0,0,0,0,1,0
malicious,1,1,0,1,1,1,1,0,0,0,0,0,0,0,0,0,1,0,0,1,0,1,0,0,1,0,1,0,0,1,0,1,0,0,0,0,1,0
malicious,1,1,0,1,1,1,1,0,1,0,0,1,0,0,0,0,1,0,0,1,0,1,0,0,1,0,1,0,0,1,0,1,0,0,0,0,1,0
malicious,1,1,0,1,1,1,1,0,0,0,0,1,0,0,0,0,1,0,0,1,0,1,0,0,1,0,1,0,0,1,0,1,0,0,0,0,1,0
malicious,1,1,0,1,1,1,1,0,1,0,0,1,0,0,0,0,1,0,0,1,0,1,0,0,1,0,1,0,0,1,0,1,0,0,0,0,1,0
malicious,1,1,0,1,1,1,1,0,0,0,0,1,0,0,0,0,1,0,0,1,0,1,0,0,1,0,1,0,0,1,0,1,0,0,0,0,1,0
malicious,1,1,0,1,1,1,1,0,0,0,0,1,0,0,0,0,1,0,0,1,0,1,0,0,1,0,1,0,0,1,0,1,0,0,0,0,1,0
malicious,1,1,0,1,1,1,1,0,1,0,0,1,0,0,0,0,1,0,0,1,0,0,0,0,1,0,1,0,0,1,0,1,0,0,0,0,1,0
malicious,1,1,0,1,1,1,1,0,1,0,0,1,0,0,0,0,1,0,0,1,0,0,0,0,1,0,1,0,0,1,0,1,0,0,0,0,1,0
malicious,1,1,0,1,1,1,1,0,0,0,0,1,0,0,0,0,1,0,0,1,0,1,0,0,1,0,1,0,0,1,0,1,0,0,0,0,1,0
